Index,Name,Phone No,Email Id,Website,Address,Additional Details
0,"Aquarium Fish, Bird & Pet shop in Guwahati -Aquarium Palace",9859294963,,,"Hatigaon Main Road, Near Bharat Petrolium, Sewali Path, Guwahati-38,Assam","Aquarium Fish, Decorative Bird Cage & Pet shop in Guwahati -Aquarium PalaceContact us for All Kinds of Decorative Bird Cage , Aquarium Products and Pure Pups etc.Specially Contact for Aquarium Sale & Service and Tops [Silver & Wooden],NB: Distributor & Wholesaler of above mentioned Items, Retailer Can contact Us."
1,"Coffee Tea Vending Machine Dealer Supplier Guwahati,Pioneer Solutions Assam",9435013553,mediapalacek@gmail.com,,"House No #14, Dinesh Ojha Path
Rajgarh Road, Bhangagarh, Guwahati -5,Assam
[Distributor Enquiries Solicited]","PIONEER VENDING SOLUTIONSKaziranga Premixes  Hot & Cold Tea Coffee Vending Machine Supplier Distributor ,AssamWe are engaged in the marketing of Kaziranga Hot Premixes like Tea, Coffee, Lemon Tea , Diet Coffee , Dairy Whitener , Tomato Soup and Kaziranga Cold Premixes like Ice Tea ,Cold Coffee, Nimboo Pani , Aam Panna, Orange Juice etc. for entire North East since 2004.Kaziranga Permixes are manufacturer under hygienic conditions and in accordance to International Quality Standard the most modern technologies to tackled work force.SALES SERVICE & RENTWe provide robust vending machines like 2 options , 3 options , 4 options ,6 options and Hot & Cold Machines are backup with prompt after sales services and excellent technical assistance to ensure total customer satisfaction, we also provide vending machines on rent for all types of occasions.We always aspire to take our Kaziranga Brand to new  heights.NB : Vending Machine Price range form Rs 15,000/- to 45,000/- ,for more information regarding vending machine business please feel free to contact us .To get Priority over phone ,Mention Assam Yellow Page as a reference."
2,"HP Flex, A Complete Advertising Solution",9864350442,hpflexghy@gmail.com,,"Godrej Building, Ulubari, Besides Ulubari Flyover, Guwahati-781007 (Assam)","HP Flex, A Complete Advertising Solution. Sign board, glow sign, vinyl printing in Guwahati, flex printing in Guwahati, Neon printing Guwahati, Best offset printing in GuwahatiSOLVENT PRINTER: KONICA 1024 Solvent Printing Machine.
ECO-SOLVENT PRINTER: EPSON SURE COLOR S-40670 Green Eco-Solvent Machine with an output of 200 Sq. Feet per hour.
OUR PRODUCTS:
FLEX PRINTING
VINYL PRINTING
HOARDINGS
NEON SIGN BOARD
LEAFLETS
STICKERS
LABELS
CORPORATE MULTICOLOR PRINTING"
3,"Foodie Rider, The Complete Food Solution, Food Delivery Guwahati",8638760859,,,"Rajdhani Nursery, Ganeshguri, Guwahati-5","Foodie Rider, The Complete Food Solution, Food Delivery GuwahatiIndian Chinese Continental,Roll, Momo, ChowDragon Chicken, Fried Rice etc"
4,Soya Paneer Tofu,9433326808,ishansoyapts@gmail.com,,,"We are manufacturing 100% natural’s soya paneer, soya curd, soya flavor milk. Require serious buyer and dealer for local selling purpose. Contact. Ishan Soya Products, 9433326808"
5,"এৰ'মিকা, গৰম চাহৰ হোম ডেলিভাৰী, Hot Tea Home Delivery Assam",6003856377,rdtenderbuds@gmail.com,,"House no 94, East jyoti Nagar, Bamunimaidan, Guwahati, Assam-781021","এৰ'মিকাই পোন প্ৰথমবাৰৰ বাবে অসমত আৰম্ভ কৰিছে গৰম চাহৰ হোম ডেলিভাৰীৰ ব্যৱস্থা ৷ দিল্লী, মুম্বাইৰ দৰে গুৱাহাটীত ঘৰত থাকি বা কাৰ্যালয়তে থাকি আপুনি ভিন্ন ৰকমৰ ল'ব পাৰিব চাহৰ সোৱাদ. ২৫০ MLৰ চাহ থাকিব প্ৰতিটো বাকচত ৷ গুজৰাটৰ পৰা অনা এলুমনিয়াম ফইলৰে তৈয়াৰী চাহ গৰম কৰি ৰাখিব পৰা এটা পেকেট থাকিব এই বক্সটোৰ ভিতৰত"
6,Best Cake shop in Tezpur Assam,8587989441,,,Bus Stand Tezpur,Father's Day Celebration Cake home delivery in Tezpur. Send surprise cake to your daddy in Assam. Best quality & express delivery service. Visit our site & avail discount https://www.basilflorist.com/cake-delivery-tezpur
7,paver block machine,8011911148,mech.global2017@gmail.com,,"1 No. senswa Gaon, J.M.C road, Opposite of J.M.C.H boy's Hostel 1, P.O: Borbhata, Pin code: 785004 Jorhat, Assam","paver block machine manufacturer from jorhat assam.
we manufacture semi automatic paver block making machine , fully automatic paver block making machine , pan mixer for paver block production, single mold fully automatic paver block machine , four mold fully automatic paver block machine , six mold fully automatic paver block machine, eight mold fully automatic paver block making machine, cellular level concrete (CLC) block making machine, spiral mixer.Feel free to contact us for more details."
8,Odex and DTH Drilling for Deep Bore Well,7896010069,watermanagement@consultant.com,,"G.S Road, Khanapara, Guwahati - 781022, Assam , India","Our Rigs are equipped with world class compressors and masts. We are based out of Guwahati in Assam and cater to vivid regions across North Eastern states of Assam, Meghalaya, Nagaland, Arunachal Pradesh, Mizoram, Tripura, Manipur and Sikkim. We also operate in Bhutan, Myanmar and Bangladesh. Advantage with our PRD mast, even in any critical formation conditions also our rig can drill up to the maximum depth. Other technical advantage with our HYDRALIC SUPER RIG is our machinery is also equipped with Dust Controlling Equipment and Automatically water injection system.Our professional and experienced personnel qualify us to design and drill everything from test holes and small diameter monitoring wells to high capacity production and injection wells. Supported by our experience, we carefully listen
to your problem and tailor a solution from our comprehensive suite of options to meet your particular needs.ODEX DRILLING.DTH DRILLING. ROTARY BORE-WELL. RAINWATER HARVESTING"
9,We provide Commercial and Residentials Propeties all over Northeast,0361 2343888,sidvinrealtynetwork@gmail.com,,"Level II, Shankar Complex, Christian Basti, G.S. Road
Gauhati","We Provide Retail Spaces, Showroom Spaces, Offices, Warehouses, Commercial Spaces and Residential Properties all over Northeast for Rent. Sale and Lease."
10,Saurabh Store,7896131344,Saurabh.saha204@gmail.com,,"Opp. UBI Bhuragaon,Morigaon, Assam",Best Store in Bhuragaon.
11,"VIDEO PRODUCTION HOUSE JORHAT, Pre wedding, ad films, Music Videos,",8473884958,abhijeet.hazarika@yahoo.com,,Atila Gaon Jorhat.(Assam),"-A FILM PRODUCTION HOUSE AND VIDEO PRODUCTION SERVICES-OUR SERVICES------------------1) PRE. WEDDING CINEMATIC VIDEO.2) AD FILMS,(COMMERCIAL TV AD FILMS)3) MUSIC VIDEO MAKING4) LED DISPLAY WALLWe are the professional video makers JORHAT. We are based i JORHAT (Assam) but are also available for serving in all over north east.
The company is known for its team of innovators and using approaches for each new project with a goal of improving on the one before. Specializing in Pre wedding films,Music Videos,AD Films, The finished product is a polished.OM ENTERTAINMENT Designs takes pride in the work that we do. We only use industry leading equipment, this is our passion and profession. From the professional sound equipment, collection of lenses and HD/4K cameras, we only stick to the best and most up to date gear. You deserve the best, don’t you? The team uses a gimbal stabilizer, sliders,Drone,Black Magic cinema camera,5d Mark(2,3,4) cannon 70 D and low aperture lenses to create our distinct cinematic look.
If you have a question for our team or would like to enquire, please contact us here and fill out the form. Let’s make sure we’re a fit for your day! To contact our team directly regarding a publication, collaboration or a client matter, please email us.***Our goal is to provide you with the highest quality within your budget***"
12,"Brahmaputra River Cruise, Inland Water Transport",9435732649,,,Guwahati-Kachamari(Machkhowa) Ferry Terminal,"Brahmaputra River Cruise, Inland Water Transport, Govt of Assam. Enjoy the view of historical, religious places in and around Guwahati. Sunrise to sunset"
13,CEASEFIRE INDUSTRIES LIMITED,9475606310,surojits.kol@ceasefire.in,,"House No.16, 2nd Floor.
Nilomoni Phukan path,
Opp-Pibco Hero service center,
Christianbasti,
Guwahati-781005, Assam,","CEASEFIRE as an organization, we have always believed that in that fight against fire, knowledge truly is power. A well-informed customer is already half the battle won and the rest depends on the weapons chosen. Hence we build our products that are user-friendly, power-packed and are tested on most stringent tests for their reliability over the years and this is the precise reason why we got CE, ISO, ISI certificate under our belt. We are the only company that has ISO for manufacturing as well as marketing processes and are the only company to run 24X7 customer care center for round the clock customer service.
Visit us at:- www.ceasefire.in"
14,M/s M.K.S Enterprise,8822426448,ms.mks.enterprise@gmail.com,,"Sarabbhati, Near Labour Commissioner Office, Guwahati- 781016","M/S M.K.S Enterprise
Deals in,
Tile Marble Flooring Contractor and Painting Coating Contractor for Building, House, Shop, etc"
15,"Assam Agro Tech & Associates, Generator Maintainance & Repair Guwahati",9864128099,,,"Asian Complex,G.S. Road,Ulubari,Guwahati-7","Assam Agro Tech & Associates, Generator Maintainance & Repair Guwahati. Generator Maintainance, Generator Servicing guwahati, Generator Seller Guwahati, Generator Supplier Guwahati"
16,"Aamar Dukan, Our Shop, Fair Price Shop in Jayanagar, Assam",03612225166,,,"Jayanagar, Guwahati","Aamar Dukan, Our Shop, Fair Price Shop in Jayanagar, Assam. Fair Price Shop in Guwahati. Aamar Dukan in Guwahati
Providing the regular subsidized items under the Public Distribution System"
17,"Aamar Dukan, Our Shop, Fair Price Shop in Noonmati, Assam",9435144143,,,"Noonmati, Guwahati","Aamar Dukan, Our Shop, Fair Price Shop in Noonmati, Assam. Fair Price Shop in Guwahati. Aamar Dukan in Guwahati
Providing the regular subsidized items under the Public Distribution System"
18,"Aamar Dukan, Our Shop, Fair Price Shop in Bamunimaidan, Assam",8876049751,,,,"Aamar Dukan, Our Shop, Fair Price Shop in Bamunimaidan, Assam. Fair Price Shop in Guwahati. Aamar Dukan in Guwahati
Providing the regular subsidized items under the Public Distribution System"
19,"Aamar Dukan, Our Shop, Fair Price Shop in Zoo Road, Assam",9957823940,,,"Zoo Road, Guwahati","Aamar Dukan, Our Shop, Fair Price Shop in Zoo Road, Assam. Fair Price Shop in Guwahati. Aamar Dukan in Guwahati
Providing the regular subsidized items under the Public Distribution System"
20,"Aamar Dukan, Our Shop, Fair Price Shop in Hatigarh, Assam",9435104401,,,"Hatigarh, Guwahati","Aamar Dukan, Our Shop, Fair Price Shop in Hatigarh, Assam. Fair Price Shop in Guwahati. Aamar Dukan in Guwahati
Providing the regular subsidized items under the Public Distribution System"
21,"Aamar Dukan, Our Shop, Fair Price Shop in Engineering Colony, Assam",9435602447,,,"Engineering Colony, Guwahati","Aamar Dukan, Our Shop, Fair Price Shop in Engineering Colony, Assam. Fair Price Shop in Guwahati. Aamar Dukan in Guwahati
Providing the regular subsidized items under the Public Distribution System"
22,"Aamar Dukan, Our Shop, Fair Price Shop in Bhangagarh, Assam",9864062785,,,"Bhangagarh, Guwahati","Aamar Dukan, Our Shop, Fair Price Shop in Bhangagarh, Assam. Fair Price Shop in Guwahati. Aamar Dukan in Guwahati
Providing the regular subsidized items under the Public Distribution System"
23,"Aamar Dukan, Our Shop, Fair Price Shop in Rupnagar, Assam",9864014319,,,"Rupnagar, Guwahati","Aamar Dukan, Our Shop, Fair Price Shop in Rupnagar, Assam. Fair Price Shop in Guwahati. Aamar Dukan in Guwahati
Providing the regular subsidized items under the Public Distribution System"
24,"Aamar Dukan, Our Shop, Fair Price Shop in Kalapahar Road, Assam",9954237242,,,"Kalapahar Road, Guwahati","Aamar Dukan, Our Shop, Fair Price Shop in Kalapahar Road, Assam. Fair Price Shop in Guwahati. Aamar Dukan in Guwahati
Providing the regular subsidized items under the Public Distribution System"
25,"Aamar Dukan, Our Shop, Fair Price Shop in Machkhowa, Assam",9864091030,,,"Machkhowa, Guwahati","Aamar Dukan, Our Shop, Fair Price Shop in Machkhowa, Assam. Fair Price Shop in Guwahati. Aamar Dukan in Guwahati
Providing the regular subsidized items under the Public Distribution System"
26,"Aamar Dukan, Our Shop, Fair Price Shop in Lokhara Road, Assam",9954715520,,,"Lokhara Road, Guwahati","Aamar Dukan, Our Shop, Fair Price Shop in Pandu, Assam. Fair Price Shop in Guwahati. Aamar Dukan in Guwahati
Providing the regular subsidized items under the Public Distribution System"
27,"Aamar Dukan, Our Shop, Fair Price Shop in Udalbakra, Assam",9957494886,,,"Udalbakra, Guwahati","Aamar Dukan, Our Shop, Fair Price Shop in Udalbakra, Assam. Fair Price Shop in Guwahati. Aamar Dukan in Guwahati
Providing the regular subsidized items under the Public Distribution System"
28,"Aamar Dukan, Our Shop, Fair Price Shop in Ganeshpara, Assam",9864610489,,,"Ganeshpara, Guwahati","Aamar Dukan, Our Shop, Fair Price Shop in Ganeshpara, Assam. Fair Price Shop in Guwahati. Aamar Dukan in Guwahati
Providing the regular subsidized items under the Public Distribution System"
29,"Aamar Dukan, Our Shop, Fair Price Shop in Boragaon, Assam",9957902353,,,"Boragaon, Guwahati","Aamar Dukan, Our Shop, Fair Price Shop in Boragaon, Assam. Fair Price Shop in Guwahati. Aamar Dukan in Guwahati
Providing the regular subsidized items under the Public Distribution System"
30,"Aamar Dukan, Our Shop, Fair Price Shop in Gosala, Assam",9957776451,,,"Gosala, Guwahati","Aamar Dukan, Our Shop, Fair Price Shop in Gosala, Assam. Fair Price Shop in Guwahati. Aamar Dukan in Guwahati
Providing the regular subsidized items under the Public Distribution System"
31,"Amar Dukan, Our Shop, Fair Price Shop in Pandu, Assam",9864507616,,,"Pandu, Guwahati","Aamar Dukan, Our Shop, Fair Price Shop in Pandu, Assam. Fair Price Shop in Guwahati. Aamar Dukan in Guwahati
Providing the regular subsidized items under the Public Distribution System"
32,"Aamar Dukan, Our Shop, Fair Price Shop in Garigaon, Assam",9864350881,,,"Garigaon, Jalukbari, Guwahati","Aamar Dukan, Our Shop, Fair Price Shop in Garigaon, Assam. Fair Price Shop in Guwahati. Aamar Dukan in Guwahati
Providing the regular subsidized items under the Public Distribution System"
33,"Jononi Enterprise, Guwahati, Assam Yellow Page",9127084474,jononienterprise12@gmail.com,,"AT ROAD ,NEAR ADABARI TINIALI GUWAHATI -----12, ASSAM","Jononi Enterprise, Guwahati, Assam Yellow Page, Guwahati Yellow Page, Tea, Coffee, Popcorn, Candy Mechine Supplier Assam, Guwahati Business Directory"
34,Sewing & Knitting Machine Sales And Service Guwahati - Sewing King,9706266545,dey.abhishekghy@gmail.com,,"Mohsin Complex,MN Road, Panbazar, Guwahati -1,Assam",Sewing & Knitting Machine Sales And Service Guwahati - Sewing King
35,Indus Ark Solutions -Security Surveillance System Guwahati Assam,9864030133,indusarksolutions@gmail.com,,"Room No D2, Prime Shopping Complex, Kalapahar, Pahar Toli,Guwahati -18, Assam",Indus Ark Solutions -Security Surveillance System Guwahati Assam
36,"Tirupati Sports Store,Equipments & Uniforms Retailer,Guwahati Assam",,,,"Dr. B.Baruah Road,
House No 52,Near B.Baruah College
Ulubari,Guwahati,Assam","Tirupati  Sports Store,Equipments & Uniforms Retailer,Guwahati Assam"
37,"RIPZ Tattoo & Piercing Body Art Clinic, Guwahati Assam",,,,"1st Floor,Kabita Mansion, Rajgarh Link Road,Opp Club 7, Guwahati-3,Assam","RIPZ Tattoo & Piercing Body Art Clinic, Guwahati Assam"
38,"Neha Products, Guwahati Traders,Assam",,,,"Opp Shiv Mandir,
Bhata Rd, Dhirenpara,
Ghy- 781025,Assam","Neha Products, Guwahati Traders,Assam"
39,"Water Meater Distributor, Retailer, Guwahati,Assam",,,,"2nd Floor,G.S Tower
AT Road,Guwahati-1 ,Assam","Water Meater Distributor, Retailer, Guwahati,Assam"
40,"FUEL SOURCES(INDIA) PVT LTD,Rubber Dealer Guwahati,Assam",,,,"FUEL SOURCES(INDIA) PVT LTD
RAMKUMAR PLAZA,
IST FLOOR ROOM NO.10,
CHATRIBARI ROAD, GUWAHATI,ASSAM","FUEL SOURCES(INDIA) PVT LTD,Rubber Dealer Guwahati,Assam"
41,Diamond Bakery & Confectionery Shop Panbazar Guwahati Assam |Contact Information,0361-2545288,,,"Hem Baruah Road,Panbazar, Guwahati-1 ,Assam",Diamond Bakery & Confectionery Shop Panbazar Guwahati Assam |Contact Information. Best Bakery item in Guwahati
42,Agility Warehouse Godown Service Guwahati Assam,,,,"Katahbari,Garhchuk, Guwahati,Assam",Agility Warehouse Godown Service Guwahati Assam
43,"Prime water, Package Drinking Water, Meghalaya India",,,,"9th Mile, Baridua, Pin- 793101, Meghalaya","Prime water, Package Drinking Water, Meghalaya India"
44,"City Pets Shop,Guwahati Assam |Dogs & all kinds of Pets Foods",,,,"Bora Service GS Road, Guwahati-7,Assam","City Pets Shop,Guwahati Assam |Dogs & all kinds of Pets Foods"
45,"Modern Sanitation Showroom Guwahati, Assam | Sanitary Items, Tiles, Fittings",,,,"Opp. LCB College, AT Road, Maligaon ,Guwahati -11, Assam","Modern Sanitation Showroom Guwahati, Assam | Sanitary Items, Tiles, Fittings."
46,"Bajaj Allianz Life Insurance Company, Tarajan, Jorhat, Assam",,,,"RD Complex, Near Sanjivani Hospital, Tarajan, Jorhat- 785001, Assam","Bajaj Allianz Life Insurance Company, Tarajan, Jorhat, Assam"
47,"Photo Vision, Photo Studio Colour Lab, Guwahati Assam",,,,"Danish Road,Panbazar, Near Sankar Dev  Academy, Guwahati,Assam","Photo Vision, Photo Studio Colour Lab, Guwahati Assam. Photo Lab in Assam. Photo Studio in Guwahati, Digital Printing Solution in Guwahati, Photo Framing Solution in Guwahti"
48,"Fruit Food Hanicraft production centre, Rongmonjir , Diphu",,,,"M/s Tripti Manju
Fruit Food Hanicraft production centre
Rongmonjir , Diphu-78246","Fruit Food Hanicraft production centre, Rongmonjir , Diphu. Fruit Processing Centre in Diphu. Handicraft Production Centre in Diphu"
49,Tattoo School & Studio Guwahati-Head Hunters' Ink,,,,"2nd Floor,125 G.S Road, Near Bora Service,Guwahati,Assam",Tattoo School & Studio Guwahati-Head Hunters' Ink
50,Inconversation| Books- Furniture- Women's wear- Artifact and Coffee Guwahati Assam,,,,"Plot no - 179 , RGB Road Sundarpur,   (Near NEEPCO Office ) Guwahati-5",Inconversation| Books- Furniture- Women's wear- Artifact and Coffee Guwahati Assam
51,Cease Fire -Fire Extinguisher Supplier & Dealer Guwahati,,,,"Vaisali Complex,Guwahati-8, Assam",Cease Fire -Fire Extinguisher Supplier & Dealer Guwahati
52,"Biomass Briquettes -Bio Fuel Manufacturer -Lotus Traders, Guwahati Assam",,,,"2nd Floor,Above KFC, Pernil Palace,RGB Road, Zoo Tini Ali,Guwahati-24, Assam","Biomass Briquettes -Bio Fuel Manufacturer -Lotus Traders, Guwahati Assam"
53,Aluminium Fabrication Manufacturer Guwahati -Maa Bagala Aluninium Construction,,,,"BR Phookan Road, Near Railway Gate No 7, Towards Kumarpara Panchali, Guwahati-9, Assam",Aluminium Fabrication Manufacturer Guwahati -Maa Bagala Aluninium Construction
54,"Fire Extinguisher Guwahati Supplier -R J Enterprises, Guwahati Shop",,rajfamous41@gmail.com,,"Uttarayan Villa, BR Phuka Road, Kumarpara ,Near Gate No 7, Guwahati-9","Fire Extinguisher Guwahati Supplier -R J Enterprises,Guwahati Shop"
55,Adhunik Electrodes Manufacturer Guwahati Assam,0361-2544200,adhunikelectrods@gmail.com,,"Factory Address
Shree Shyam Tower Complex, Near Lokhra Chariali ,NH 37, Betkuchi,Guwahati-781034
City Office
321, Varooah Market,2nd floor, TRP Raod,Fancy Bazar, Guwahati-1",Adhunik Electrodes Manufacturer Guwahati Assam
56,Anu's Creation Art & Craft Centre Guwahati- Traditional Art Gallery Shop,,,,"Chandmari Coloni,House No 140, Nilachal Market Complex,3rd Floor, Near Puja Mandir, Guwahati-3",Anu's Creation Art & Craft Centre Guwahati- Traditional Art Gallery Shop
57,Blue Star AC & Refrigerator Service Centre Guwahati-Maa Manasha Cooling Centre,,nncc_ghy@yahoo.com,,"Maa Mansha Cooling Centre, Dr B.Barooah Road, Opp landmark Hotal, Guwahati -7",Blue Star AC & Refrigerator Service Centre Guwahati-Maa Manasha Cooling Centre
58,"Arc welding Manufacturer, Guwahati Assam - Adhunik Electrodes",03612739968,adhunikelectrodes@gmail.com,,"Shree Shayam Tower Complex, Lakhara Chariali,Betkuchi , Guwahati-34,Assam","Arc welding Manufacturer, Guwahati Assam - Adhunik Electrodes"
59,"LPG Gas Leak Monitoring Systems, Guwahati Assam",9435203677,indianwaveint@hotmail.com,,"H.B.Road,Fancy Bazar Guwahati-781001 Assam","LPG Gas Leak Monitoring Systems, Guwahati Assam"
60,CCTV Camera Dealer Distributor Shop in Guwahati Assam,9435203677,tcgour@hotmail.com,,"H.B.Road,Fancy Bazar Guwahati-781001 Assam",CCTV Camera Dealer Distributor Shop in Guwahati Assam
61,Automatic Water Level Controller-Electronic Goods & Device Shop Guwahati,9435203677,tcgour@hotmail.com,,"H.B.Road,Fancy Bazar Guwahati-781001 Assam",Automatic Water Level Controller-Electronic Goods & Device Shop Guwahati
62,"Rajdhani Systems and Services, Roller, Velcro Mosquito Net Supplier",03612514091,,,"2nd Floo, Gopal Road, Panbazar, Ghy-1","Rajdhani Systems and Services, Roller, Velcro Mosquito Net Supplier"
63,"City Rubber Stamp Co, Rubber stamp and Color Stamp supplier",0361458148,,,"Rajgarh Road, Guwahati-3","City Rubber Stamp Co, Rubber stamp and Color Stamp supplier"
64,Sadana Warehousing and Agencies Pvt Ltd,03612514392,,,"Raj Singh Palace, S.S.Road, Fancy Bazaar, Ghy-1",Sadana Warehousing and Agencies Pvt Ltd
65,"Tradeline Corporation, Authorised distributors Agri equipments, Animal, Vete feed and other products",03612202613,,,"Sundarpur, Opp NRL petrol Pump, R.G.Baruah Road, Ghy-5","Tradeline Corporation, Authorised distributors Agri equipments, Animal, Vete feed and other products"
66,"Clear Vision, High Class Opticians, Silpukhuri, Guwahati",03612660155,,,"Silpukhuri, Guwahati-781003","Clear Vision, High Class Opticians, Silpukhuri, Guwahati"
67,"HBEE, Electrical Goods supplier in Champhai, Mizoram, Yellow Page Mizoram",03831234467,,,"Dawn Veng Champhai, Mizoram-796321","HBEE, Electrical Goods supplier in Champhai, Mizoram, Yellow Page Mizoram"
68,"Imperial House, Govt Suppliers of Allied Stores, Aizawl, Mizoram",03892344112,,,"Zarkawt, Aizawl, Mizoram-796001","Imperial House, Govt Suppliers of Allied Stores, Aizawl, Mizoram. Mizoram Yellow Page"
69,"S K Enterprises, Hardware Goods and GC Sheet and Pipe supplier in Guwahati",03612303728,,,"Basistha Road, Beltola Chariali, Guwahati-29","S K Enterprises, Hardware Goods and GC Sheet and Pipe supplier in Guwahati"
70,"Ricoh India Limited, Guwahati Office Contact No",03612543591,,,"Tayabullah Bhawan, Tayabullah Road, Dighalipukhuri Par(East), Guwahati-1","Ricoh India Limited, Guwahati Office Contact No"
71,"Campaign Advertising Services Private Limited, Guwahati, Assam",03612672010,,,"2nd Floor, Dr. Tarini Bose Commercial Complex, Maligaon Chariali, Guwahati-11","Campaign Advertising Services Private Limited, Guwahati, Assam"
72,"U K Enterprises, All kinds of Hardware Goods, Guwahati Assam",,,,"Opp Poll Market, Basistha Chariali, Guwahati-29","U K Enterprises, All kinds of Hardware Goods, Guwahati Assam"
73,"Global Power System, Guwahati, Assam",,,,"1st Floor, Imran Market, Opp Woodland Restaurant, Ulubari, guwahati-7","Global Power System, Guwahati, Assam"
74,"Shiv Shakti Trading Co, authorised dealer of Inverter, Solar Products and Batteries",,,,"Shop No A-4, Ground Floor, Mangal Ram Tower, A.T.Road, Guwahati-1","Shiv Shakti Trading Co, authorised dealer of Inverter, Solar Products and Batteries"
75,"Usha Submersible Pumps, Authorised Dealer, Guwahati",03612301387,,,"R. K. Hardware & Sanitary, Basistha Charali, Beltola, Guwahati","Usha Submersible Pumps, Authorised Dealer, Guwahati"
76,"Soma Sissiri Hydro Pvt Ltd, Guwahati",03612200116,,,"5th Right Bye Lane, H/No-17, Ambikagiri Nagar, R.G.Baruah Road, Guwahati-24","Soma Sissiri Hydro Pvt Ltd, Guwahati"
77,"Sanitary and Hardware Stores, Guwahati, Assam",03612264155,,,"Dr. R. P. Road, Dispur, Guwahati-781006","Sanitary and Hardware Stores, Guwahati, Assam"
78,"Taski Associates, Architects, Interior Designers, Guwahati",03612201984,,,"R.G.Baruah Road, Guwahati-781005","Taski Associates, Architects, Interior Designers, Guwahati"
79,"En-Geo Consultancy & Research Centre, Guwahati, Assam",03612545165,,,"N.No-71, Lamb Road, Guwahati-781001","En-Geo Consultancy & Research Centre, Guwahati, Assam"
80,"Ramchandra Associates, Agri Product Supplier in Jorhat",9954420935,,,"G K Palace Building, Ground Floor, Gar Ali
Jorhat, Assam
Pin-785001","Ramchandra Associates, Agri Product Supplier in Jorhat. Deals in all product related to Agriculture. Jorhat Yellow Page, Yellow Page Jorhat, Jorhat Business Information"
81,Melody Music Centre Musical Instrument Sale and Service Shop Guwahati,9854105822,,,"Maa Durga Commercial Complex, Near Meghdoot Cinema Hall,Md.Shah Road, Paltan Bazaar
Guwahati -08,Assam","Melody Music Centre Musical Instrument Sale and Service Shop GuwahatiDeals in – All kind of Indian and Western musical instrument sales and repairing centre Harmonium, Guiter,Violin, Drumset , Keyboards, Table, String etc.Rate are -Timing – 9:30 to 8:30 pm (Sunday closed)"
82,"Amguripara Black Rice Production Committee, Upendra Rice, Goalpara",,,,"Amguripara Black Rice Production Committee
Vill-Amguripara, P.O. Chotomatia, Krishnai, Goalpara","Amguripara Black Rice Production Committee, Upendra Rice, Goalpara"
83,Fertilizers Pesticides Seeds Retailer in Assam - Krishi Sarathi -Agri Product,9577230842,bhabendas@gmail.com,,"NH 37 , Near Khetri Girls High School,
PO Khetri, Kamrup, Assam",Krishi SarathiFertilizers Pesticides Seeds Retailer in Assam -We deals in All kinds of Agricultural Products for Farmers.(NB : Please give reference of www. Assam Yellow Page. com  for get Priority )
84,Water Tank Cleaning Service Guwahati Assam -M L Treatments,9435113101,,,"56, Narayanpur Lane, Ganeshguri,Guwahati-6",Water Tank Cleaning Service Guwahati Assam -M L Treatments
85,Kitchens & Interiors Guwahati -Modular Kitchens - False Ceiling -Wooden Flooring Makers,03612344343,,,"House No 22, Amarawati path,Christian Basti, GS Road, Guwahati -5,Assam",Kitchens & Interiors Guwahati -Modular Kitchens - False Ceiling -Wooden Flooring Makers
86,"Assam Aquafresh, Water Management System, Guwahati",8876705332,jessaqua2014@gmail.com,,"Head Office:-Kahilipara Road, Nr Forensic Labortory
Kahilipara, Guwahati, Assam
Service Center:- Bishnu Rabha Path, Beltola","“ASSAM AQUAFRESH ” is brand name of JB ASSOCIATES in domestic sector and JESS AQUA is brand in commercial sector . We are providing SALE & SERVICE in the field of Total Water Management System. Established in the year of 2008. We are ISO-9001:2008 certified organization.
We provide all kind of water treatment solutions as required by our clients. We offer prices.comprehensive ranges of water purifiers which are manufactured by using high grade basic materials also at competitive
Commercial Section
Packaged Drinking Water Plant.
Commercial REVERSE OSMOSIS (RO) water Treatment Plant.
Semi Commercial REVERSE OSMOSIS (RO) water Treatment System.
Water Softener Plant
De-Mineralized Plant (DM)
Pressure Sand Filter
Iron Removal PlantDomestic section
Reverse Osmosis treatment RO) purifier
Ultra Violet (UV) treatment Purifier"
87,Machineries & Spare Parts Dealer-Kamrup Machinery-Guwahati Assam,03612541485,,,"A.T Road Guwahati, Assam","Machineries & Spare Parts Dealer-Kamrup Machinery-Guwahati AssamTo get Priority over phone ,Mention Assam Yellow Page as a reference."
88,"Micro Infosys, AMC, Servicing, Repairing of Electronics Goods, Guwahati, Assam",,,,"H.No-65, Natun Sarania, Gandhibasti, Ghy-3","Micro Infosys, AMC, Servicing, Repairing of Electronics Goods, UPS repairing Guwahati, Assam"
89,"M/S Rajesh Electricals and Electronics, Electronics Goods Supplier in Nazira, Sivsagar",,,,"Main Road, Nazira, P.O.-Nazira, Pin-785685","M/S Rajesh Electricals and Electronics, Electronics Goods Supplier in Nazira, Sivsagar"
90,"Warsi Electricals, Electrical Construction Material Supplier, Dimapur, Nagaland",,,,"G.S. Road, Opp IIHT Computer Cantre, Dimapur-797112","Warsi Electricals, Electrical Construction Material Supplier, Dimapur, Nagaland"
91,"Krishi Bhandar, Supplier of Agri Equipment, Sivsagar, Assam",,,,"Station Chariali, B.G. Road, Sivasagar-785640","Krishi Bhandar, Supplier of Agri Equipment, Sivsagar, Assam"
92,"Assam Battery House, Guwahati, Assam",03612340955,,,"Sansun Plaza, Near Ganeshguri Flyover, G.S.Road, Walfort, Guwahati-5","Assam Battery House, Guwahati, Assam"
93,"Balaji Transport Company, Silapathar, Dhemaji, Assam, Commercial Transport",,,,"Balaji Transport Company, Silapathar, Dhemaji-787057, Assam
Near SFS school","Balaji Transport Company, Silapathar, Dhemaji, Assam, Commercial Transport"
94,"Commercial Transport, Capital Road Carriers, Likabali Road , Dhemaji, Assam",,,,"Commercial Transport, Capital Road Carriers, Likabali Road , Dhemaji-787057, Assam
Near Likabali Road Bus Stand","Commercial Transport, Capital Road Carriers, Likabali Road , Dhemaji, Assam"
95,"Rad-Cine Hiring Services Guwahati Assam| Sound System,LCD Projector & Plasma TV",,,,"Mangal Ram Tower,
AT Road Guwahati-1,Assam","Rad-Cine Hiring Services Guwahati AssamSound System,LCD Projector & Plasma TV and other audio visual equipments ,video recording Laptop Computer etc on hiring basis."
96,"National Packers Movers and Carriers,Guwahati Assam",,,,"Hatigaon Chariali,Guwahati-24
Assam","Pack and Transport household goods,cars,machines etc. locals and through out India, Nepal and Bhutan on door to door delivery basis."
97,"Metal,Fiber Glass & Polycarbonate Roofing Sheets,Guwahati,Assam|SIWAL Project Pvt. Ltd",,,,"Shima Plaza,2nd Floor
Ulubari Chariali ,G.S.Road ,Guwahati,Assam","Metal,Fiber Glass & Polycarbonate Roofing Sheets,Guwahati,Assam|SIWAL Project Pvt. Ltd"
98,"SHIVA's -Bathroom & Sanitary ware Distributor & Stockist,Guwahati,Assam",,,,"Cooperative society building,First Floor
A.T Road,Guwahati,Assam","SHIVA's -Bathroom & Sanitary ware Distributor & Stockist,Guwahati,AssamBathroom Fittings Ceramic Tiles,wide range Bathroom accessories and Sanitaryware from leading brands such as CREA,DURAVIT,KAJARIA,MARBITO,JAQUER,CRABTREE"
99,Ramdhenu-The Ethnic e-Emporium,,,,"Ramdhenu-The Ethnic e-Emporium
Sec-51, Gurgaon, India 122001","Ramdhenu-The North East Ethnic e-EmporiumWhat it has for you:-- Ethnic wear (Silk, Moonga, range of Hand-loom)
- Home decor (Fabric, Craft-Bamboo, Cane)
- Jewellery (Assamese Jewellery and other tribal jewellery)
- Ethnic foodFirst ever Exclusive Online shopping for, Assamese Jewellery, Assam Silk, Assam Moonga (Mooga)he world."
